ngay,ten_quan,danh_muc,khu_vuc,so_don_hang,gia_tri_don_tb_vnd,doanh_thu_vnd,danh_gia_sao,thoi_gian_giao_phut,khuyen_mai,ty_le_huy_don_%,thang,thu,cuoi_tuan,ngay_trong_thang
2025-01-01,Bánh Ngọt Kinh Đô,Chay,Bình Tân,295,43488,12828960,3.8,35,Giảm 50%,1.8,1,2,0,1
2025-01-04,Cơm Gà Hải Nam,Bánh ngọt,Quận 4,179,107842,19303718,3.7,36,Freeship,0.7,1,5,1,4
2025-01-04,Ốc Sài Gòn,Trà sữa,Bình Thạnh,327,95668,31283436,3.6,24,Freeship,1.7,1,5,1,4
2025-01-07,Trà Sữa Gong Cha,Lẩu,Bình Thạnh,226,129945,29367570,4.5,44,Không có,1.2,1,1,0,7
2025-01-07,Cháo Lòng 79,Cơm,Quận 5,191,135395,25860445,4.9,26,Freeship,4.4,1,1,0,7
2025-01-08,Sữa Chua Trân Châu,Cà phê,Quận 5,65,160546,10435490,4.9,53,Không có,1.6,1,2,0,8
2025-01-09,Bún Bò Huế Đông Ba,Cà phê,Quận 5,56,43801,2452856,4.2,18,Giảm 30%,5.9,1,3,0,9
2025-01-10,Cơm Tấm Cô Ba,Ăn vặt,Tân Bình,302,141203,42643306,4.7,28,Freeship,4.4,1,4,0,10
2025-01-11,Nem Nướng Ninh Hòa,Trà sữa,Quận 10,321,155611,49951131,4.7,38,Freeship,3.5,1,5,1,11
2025-01-13,Phở Hòa,Trà sữa,Bình Thạnh,348,49838,17343624,3.8,25,Giảm 20K,5.5,1,0,0,13
2025-01-14,Ăn Vặt Sài Gòn,Cơm,Quận 4,126,119874,15104124,3.5,31,Freeship,1.0,1,1,0,14
2025-01-15,Bún Đậu Mắm Tôm,Cơm,Quận 3,300,104377,31313100,4.5,51,Mua 1 tặng 1,4.9,1,2,0,15
2025-01-16,Phúc Long Coffee & Tea,Ăn vặt,Phú Nhuận,153,114192,17471376,4.2,40,Giảm 20K,3.6,1,3,0,16
2025-01-17,Ăn Vặt Sài Gòn,Gà rán,Phú Nhuận,49,150099,7354851,4.8,22,Giảm 30%,1.7,1,4,0,17
2025-01-20,Trà Sữa Gong Cha,Lẩu,Quận 7,54,96551,5213754,4.8,23,Mua 1 tặng 1,3.6,1,0,0,20
2025-01-21,Nem Nướng Ninh Hòa,Cà phê,Quận 3,305,91889,28026145,4.2,36,Giảm 20K,7.7,1,1,0,21
2025-01-21,Xôi Yến,Cà phê,Quận 10,132,61946,8176872,4.0,50,Mua 1 tặng 1,7.8,1,1,0,21
2025-01-21,Bánh Ngọt Kinh Đô,Pizza,Thủ Đức,63,136155,8577765,3.9,33,Freeship,7.3,1,1,0,21
2025-01-22,Phúc Long Coffee & Tea,Lẩu,Bình Tân,116,146451,16988316,3.7,30,Giảm 20K,7.0,1,2,0,22
2025-01-22,Bún Đậu Mắm Tôm,Chay,Phú Nhuận,101,119286,12047886,4.4,47,Giảm 30%,7.7,1,2,0,22
2025-01-23,Xôi Yến,Ăn vặt,Gò Vấp,336,139757,46958352,5.0,36,Mua 1 tặng 1,0.8,1,3,0,23
2025-01-23,Cơm Gà Hải Nam,Hải sản,Quận 5,195,155182,30260490,5.0,20,Giảm 50%,0.8,1,3,0,23
2025-01-25,Cháo Lòng 79,Gà rán,Quận 1,310,158361,49091910,3.9,15,Freeship,3.4,1,5,1,25
2025-01-25,Bún Đậu Mắm Tôm,Bún/Phở,Quận 1,240,39268,9424320,3.7,25,Mua 1 tặng 1,3.7,1,5,1,25
2025-01-25,Bún Đậu Mắm Tôm,Bánh mì,Quận 5,323,154829,50009767,3.6,46,Giảm 50%,4.3,1,5,1,25
2025-01-26,Phúc Long Coffee & Tea,Chay,Bình Thạnh,256,75262,19267072,3.6,15,Mua 1 tặng 1,0.7,1,6,1,26
2025-01-26,Lẩu Dê 404,Bún/Phở,Thủ Đức,231,146152,33761112,4.2,43,Mua 1 tặng 1,2.2,1,6,1,26
2025-01-26,Bánh Canh Cua,Trà sữa,Quận 3,25,111170,2779250,4.0,35,Mua 1 tặng 1,5.9,1,6,1,26
2025-01-27,Lotteria,Lẩu,Gò Vấp,273,134664,36763272,3.7,30,Freeship,4.6,1,0,0,27
2025-01-27,Trà Sữa Gong Cha,Lẩu,Quận 7,38,140043,5321634,4.2,51,Không có,5.5,1,0,0,27
2025-01-28,Chay An Lạc,Lẩu,Quận 5,291,159029,46277439,4.6,38,Không có,3.6,1,1,0,28
2025-01-29,Súp Cua Bà Năm,Cơm,Thủ Đức,92,56675,5214100,4.2,42,Không có,6.3,1,2,0,29
2025-01-31,Cơm Tấm Cô Ba,Bánh mì,Quận 4,204,104521,21322284,4.9,44,Giảm 20K,3.4,1,4,0,31
2025-01-31,Phúc Long Coffee & Tea,Pizza,Gò Vấp,148,176234,26082632,3.8,33,Giảm 20K,4.6,1,4,0,31
2025-01-31,Gỏi Cuốn Ngon,Bún/Phở,Quận 5,21,121619,2553999,3.6,30,Giảm 20K,5.4,1,4,0,31
2025-01-31,Phở Hòa,Lẩu,Quận 3,151,142182,21469482,3.8,23,Không có,7.8,1,4,0,31
2025-02-01,Phở Hòa,Pizza,Bình Tân,30,159987,4799610,4.3,48,Giảm 30%,0.5,2,5,1,1
2025-02-02,KFC,Cơm,Quận 10,288,95323,27453024,4.4,15,Freeship,5.7,2,6,1,2
2025-02-03,Jollibee,Gà rán,Quận 4,329,178748,58808092,4.6,39,Giảm 50%,4.2,2,0,0,3
2025-02-04,The Pizza Company,Gà rán,Quận 1,25,50851,1271275,4.9,40,Giảm 50%,2.3,2,1,0,4
2025-02-05,Bò Né Ba Bò,Gà rán,Phú Nhuận,164,120799,19811036,3.6,44,Freeship,3.0,2,2,0,5
2025-02-05,Bún Đậu Mắm Tôm,Pizza,Quận 7,265,139773,37039845,4.5,49,Giảm 20K,7.5,2,2,0,5
2025-02-06,Bún Bò Huế Đông Ba,Bánh mì,Quận 5,57,62053,3537021,4.0,34,Giảm 30%,3.1,2,3,0,6
2025-02-07,Trà Sữa Gong Cha,Hải sản,Quận 10,153,113997,17441541,4.4,33,Mua 1 tặng 1,3.1,2,4,0,7
2025-02-07,Bún Bò Huế Đông Ba,Ăn vặt,Quận 7,133,60743,8078819,3.8,52,Mua 1 tặng 1,7.6,2,4,0,7
2025-02-08,Bánh Canh Cua,Cà phê,Quận 4,350,139179,48712650,5.0,50,Giảm 20K,0.7,2,5,1,8
2025-02-08,Gỏi Cuốn Ngon,Gà rán,Thủ Đức,283,43625,12345875,3.8,35,Freeship,7.7,2,5,1,8
2025-02-08,The Pizza Company,Bún/Phở,Quận 1,335,151242,50666070,4.7,20,Giảm 20K,1.0,2,5,1,8
2025-02-08,Bánh Mì Huỳnh Hoa,Pizza,Phú Nhuận,174,107917,18777558,3.6,29,Giảm 50%,5.1,2,5,1,8
2025-02-09,Cơm Gà Hải Nam,Chay,Quận 10,298,141017,42023066,4.6,41,Giảm 20K,0.9,2,6,1,9
2025-02-10,Bún Bò Huế Đông Ba,Pizza,Phú Nhuận,279,84933,23696307,3.6,39,Không có,4.8,2,0,0,10
2025-02-11,Gỏi Cuốn Ngon,Trà sữa,Quận 7,280,86493,24218040,3.9,55,Freeship,5.8,2,1,0,11
2025-02-11,Hải Sản Biển Đông,Bún/Phở,Phú Nhuận,208,158455,32958640,4.2,31,Freeship,5.1,2,1,0,11
2025-02-12,Trà Chanh Bụi Phố,Bún/Phở,Quận 7,109,75731,8254679,4.3,40,Giảm 50%,5.1,2,2,0,12
2025-02-13,Highlands Coffee,Bánh ngọt,Quận 3,183,116760,21367080,4.0,28,Giảm 50%,3.9,2,3,0,13
2025-02-14,Bánh Ngọt Kinh Đô,Gà rán,Quận 3,250,172807,43201750,4.1,41,Giảm 50%,0.6,2,4,0,14
2025-02-15,Bún Đậu Mắm Tôm,Ăn vặt,Bình Tân,176,152081,26766256,3.5,28,Giảm 30%,5.5,2,5,1,15
2025-02-16,Bánh Ngọt Kinh Đô,Cơm,Quận 7,30,77705,2331150,4.8,28,Giảm 30%,5.2,2,6,1,16
2025-02-16,Sữa Chua Trân Châu,Bún/Phở,Tân Bình,56,102080,5716480,4.5,44,Giảm 20K,2.1,2,6,1,16
2025-02-16,Bún Đậu Mắm Tôm,Chay,Gò Vấp,160,168257,26921120,4.3,44,Giảm 20K,2.9,2,6,1,16
2025-02-16,Gỏi Cuốn Ngon,Lẩu,Quận 5,183,41991,7684353,4.1,40,Giảm 50%,3.0,2,6,1,16
2025-02-17,Lotteria,Pizza,Quận 10,63,140061,8823843,4.1,44,Giảm 20K,6.7,2,0,0,17
2025-02-17,Bánh Ngọt Kinh Đô,Cà phê,Quận 7,129,115270,14869830,4.5,38,Mua 1 tặng 1,4.4,2,0,0,17
2025-02-18,Bánh Canh Cua,Cơm,Quận 1,75,79698,5977350,4.0,43,Giảm 50%,2.1,2,1,0,18
2025-02-19,Cơm Tấm Cô Ba,Cà phê,Thủ Đức,179,128097,22929363,4.7,33,Giảm 50%,4.2,2,2,0,19
2025-02-19,Ăn Vặt Sài Gòn,Bánh mì,Thủ Đức,221,142767,31551507,4.2,18,Không có,5.2,2,2,0,19
2025-02-19,Phúc Long Coffee & Tea,Hải sản,Quận 4,8,52163,417304,3.8,55,Giảm 30%,6.9,2,2,0,19
2025-02-19,Jollibee,Pizza,Quận 10,140,46390,6494600,4.6,49,Freeship,7.8,2,2,0,19
2025-02-20,Trà Chanh Bụi Phố,Cà phê,Quận 7,270,92942,25094340,4.2,40,Mua 1 tặng 1,6.2,2,3,0,20
2025-02-21,Ốc Sài Gòn,Hải sản,Tân Bình,274,44895,12301230,4.5,54,Giảm 30%,4.8,2,4,0,21
2025-02-21,KFC,Bún/Phở,Quận 4,201,127152,25557552,4.9,35,Giảm 30%,2.0,2,4,0,21
2025-02-22,Sữa Chua Trân Châu,Ăn vặt,Gò Vấp,292,93800,27389600,4.6,50,Mua 1 tặng 1,1.9,2,5,1,22
2025-02-23,Bánh Mì Huỳnh Hoa,Hải sản,Quận 5,219,163982,35912058,4.9,24,Không có,2.2,2,6,1,23
2025-02-24,Lotteria,Cà phê,Bình Thạnh,270,156778,42330060,3.6,30,Freeship,3.7,2,0,0,24
2025-02-24,KFC,Bánh mì,Quận 5,210,172353,36194130,3.6,34,Không có,2.7,2,0,0,24
2025-02-24,KFC,Bánh mì,Quận 5,188,112561,21161468,5.0,33,Freeship,7.8,2,0,0,24
2025-02-24,Highlands Coffee,Hải sản,Bình Tân,144,108860,15675840,4.4,36,Giảm 30%,5.5,2,0,0,24
2025-02-27,Bún Đậu Mắm Tôm,Lẩu,Quận 5,309,53615,16567035,4.3,15,Giảm 20K,7.5,2,3,0,27
2025-02-28,Mì Cay Sasin,Cà phê,Gò Vấp,136,131703,17911608,3.8,53,Không có,5.7,2,4,0,28
2025-03-01,Ốc Sài Gòn,Hải sản,Bình Thạnh,5,177237,886185,4.2,18,Giảm 30%,4.1,3,5,1,1
2025-03-01,KFC,Trà sữa,Quận 7,140,45028,6303920,3.7,42,Giảm 20K,5.8,3,5,1,1
2025-03-02,Nem Nướng Ninh Hòa,Bún/Phở,Quận 7,59,165479,9763261,3.8,27,Giảm 20K,6.7,3,6,1,2
2025-03-03,Ăn Vặt Sài Gòn,Cơm,Gò Vấp,277,147296,40800992,4.5,19,Giảm 50%,5.2,3,0,0,3
2025-03-03,Chay An Lạc,Cà phê,Bình Tân,66,175473,11581218,4.9,26,Giảm 30%,1.7,3,0,0,3
2025-03-04,Bánh Mì Huỳnh Hoa,Lẩu,Quận 7,77,60378,4649106,3.6,39,Giảm 50%,3.3,3,1,0,4
2025-03-05,Gỏi Cuốn Ngon,Bánh mì,Quận 10,209,150274,31407266,4.8,39,Giảm 20K,7.8,3,2,0,5
2025-03-05,Cháo Lòng 79,Gà rán,Tân Bình,83,88869,7376127,4.5,55,Freeship,2.4,3,2,0,5
2025-03-05,Bún Đậu Mắm Tôm,Bánh ngọt,Quận 10,24,133354,3200496,4.8,31,Giảm 50%,5.0,3,2,0,5
2025-03-06,Trà Sữa Gong Cha,Lẩu,Thủ Đức,11,109537,1204907,4.2,43,Giảm 20K,1.5,3,3,0,6
2025-03-06,Chay An Lạc,Chay,Tân Bình,56,150423,8423688,3.6,44,Freeship,5.8,3,3,0,6
2025-03-08,Chè Khúc Bạch,Hải sản,Bình Thạnh,33,67548,2229084,4.3,34,Giảm 30%,1.3,3,5,1,8
2025-03-08,Lotteria,Gà rán,Thủ Đức,231,179619,41491989,4.6,50,Freeship,0.9,3,5,1,8
2025-03-09,Cơm Gà Hải Nam,Chay,Bình Thạnh,192,178224,34219008,4.5,45,Freeship,0.1,3,6,1,9
2025-03-10,Highlands Coffee,Ăn vặt,Thủ Đức,40,174069,6962760,4.3,54,Không có,1.3,3,0,0,10
2025-03-10,Jollibee,Bánh mì,Quận 4,267,113358,30266586,4.8,50,Giảm 20K,5.7,3,0,0,10
2025-03-10,Bún Bò Huế Đông Ba,Bánh mì,Thủ Đức,308,51327,15808716,4.2,23,Giảm 30%,2.3,3,0,0,10
2025-03-10,Trà Chanh Bụi Phố,Hải sản,Phú Nhuận,51,139014,7089714,4.0,15,Không có,1.9,3,0,0,10
2025-03-11,Highlands Coffee,Bún/Phở,Gò Vấp,59,78089,4607251,4.2,35,Mua 1 tặng 1,1.0,3,1,0,11
2025-03-12,Lotteria,Cơm,Bình Tân,259,125886,32604474,4.3,31,Giảm 30%,3.0,3,2,0,12
2025-03-13,Lẩu Dê 404,Gà rán,Quận 7,257,73255,18826535,3.6,42,Giảm 20K,3.4,3,3,0,13
2025-03-14,Cơm Tấm Cô Ba,Ăn vặt,Bình Tân,51,174062,8877162,3.8,41,Mua 1 tặng 1,2.7,3,4,0,14
2025-03-14,Cơm Tấm Cô Ba,Cơm,Quận 3,298,138306,41215188,4.3,20,Giảm 20K,1.7,3,4,0,14
2025-03-15,Trà Chanh Bụi Phố,Chay,Quận 5,210,166092,34879320,3.6,17,Giảm 30%,5.7,3,5,1,15
2025-03-16,Hải Sản Biển Đông,Cơm,Quận 7,45,125797,5660865,4.9,31,Không có,3.8,3,6,1,16
2025-03-16,Nem Nướng Ninh Hòa,Bánh ngọt,Quận 1,156,88477,13802412,4.6,17,Giảm 20K,6.5,3,6,1,16
2025-03-19,Hải Sản Biển Đông,Chay,Quận 4,48,100061,4802928,3.7,41,Giảm 50%,4.8,3,2,0,19
2025-03-20,Nem Nướng Ninh Hòa,Trà sữa,Thủ Đức,221,51653,11415313,4.1,53,Mua 1 tặng 1,4.2,3,3,0,20
2025-03-20,Nem Nướng Ninh Hòa,Bánh mì,Bình Tân,198,54389,10769022,4.2,53,Mua 1 tặng 1,4.7,3,3,0,20
2025-03-20,Ốc Sài Gòn,Trà sữa,Quận 4,324,78395,25399980,4.6,17,Mua 1 tặng 1,2.9,3,3,0,20
2025-03-21,Nem Nướng Ninh Hòa,Trà sữa,Quận 5,95,143080,13592600,3.5,36,Mua 1 tặng 1,6.4,3,4,0,21
2025-03-22,Sữa Chua Trân Châu,Cơm,Phú Nhuận,139,166225,23105275,4.6,47,Freeship,7.0,3,5,1,22
2025-03-23,Sữa Chua Trân Châu,Chay,Quận 10,165,84763,13985895,4.6,46,Giảm 50%,3.7,3,6,1,23
2025-03-23,Súp Cua Bà Năm,Gà rán,Quận 3,264,140744,37156416,3.7,48,Giảm 50%,0.2,3,6,1,23
2025-03-23,Highlands Coffee,Bún/Phở,Phú Nhuận,319,148694,47433386,4.5,40,Mua 1 tặng 1,7.7,3,6,1,23
2025-03-24,Highlands Coffee,Chay,Quận 5,133,48678,6474174,4.5,38,Giảm 50%,7.5,3,0,0,24
2025-03-25,Lẩu Dê 404,Bánh mì,Phú Nhuận,332,92570,30733240,4.5,18,Giảm 30%,6.6,3,1,0,25
2025-03-25,KFC,Bún/Phở,Quận 7,18,116777,2101986,4.4,39,Mua 1 tặng 1,7.5,3,1,0,25
2025-03-26,Bánh Mì Huỳnh Hoa,Cơm,Bình Thạnh,119,69394,8257886,3.8,16,Giảm 50%,4.0,3,2,0,26
2025-03-27,Highlands Coffee,Cà phê,Quận 5,26,145985,3795610,3.6,42,Giảm 30%,8.0,3,3,0,27
2025-03-27,Lẩu Dê 404,Trà sữa,Quận 10,57,65234,3718338,3.8,47,Freeship,0.4,3,3,0,27
2025-03-28,Bánh Mì Huỳnh Hoa,Pizza,Quận 1,118,149327,17620586,3.9,38,Giảm 30%,5.4,3,4,0,28
2025-03-29,Sữa Chua Trân Châu,Trà sữa,Bình Thạnh,43,178404,7671372,4.9,20,Giảm 20K,4.8,3,5,1,29
2025-03-30,Cháo Lòng 79,Trà sữa,Tân Bình,152,71777,10910104,3.8,43,Giảm 50%,0.4,3,6,1,30
2025-03-31,Bún Đậu Mắm Tôm,Hải sản,Phú Nhuận,231,107917,24928827,3.8,52,Mua 1 tặng 1,5.1,3,0,0,31
2025-04-01,Bún Đậu Mắm Tôm,Hải sản,Bình Tân,143,176078,25179154,4.7,44,Mua 1 tặng 1,6.6,4,1,0,1
2025-04-01,Cơm Tấm Cô Ba,Cơm,Quận 10,80,72133,5770640,4.7,48,Giảm 20K,7.7,4,1,0,1
2025-04-02,Súp Cua Bà Năm,Hải sản,Tân Bình,331,119510,39557810,4.6,37,Giảm 50%,3.8,4,2,0,2
2025-04-02,Súp Cua Bà Năm,Cơm,Quận 7,278,68182,18954596,3.9,18,Giảm 50%,2.3,4,2,0,2
2025-04-03,Chay An Lạc,Gà rán,Tân Bình,57,55989,3191373,4.0,33,Giảm 20K,3.6,4,3,0,3
2025-04-03,Jollibee,Pizza,Quận 1,117,42681,4993677,4.8,32,Freeship,6.5,4,3,0,3
2025-04-05,Bánh Mì Huỳnh Hoa,Lẩu,Tân Bình,120,113836,13660320,4.8,24,Mua 1 tặng 1,7.3,4,5,1,5
2025-04-05,Nem Nướng Ninh Hòa,Bún/Phở,Tân Bình,263,76778,20192614,4.1,49,Mua 1 tặng 1,0.7,4,5,1,5
2025-04-07,Chè Khúc Bạch,Cà phê,Phú Nhuận,213,161998,34505574,4.6,38,Freeship,4.1,4,0,0,7
2025-04-09,Bánh Mì Huỳnh Hoa,Cơm,Quận 5,21,154655,3247755,3.6,38,Không có,1.6,4,2,0,9
2025-04-09,Lotteria,Pizza,Quận 3,239,102440,24483160,4.6,15,Không có,2.7,4,2,0,9
2025-04-10,KFC,Ăn vặt,Quận 10,230,156026,35885980,4.7,39,Giảm 50%,4.2,4,3,0,10
2025-04-11,Chè Khúc Bạch,Bún/Phở,Quận 5,206,91515,18852090,4.2,27,Không có,2.7,4,4,0,11
2025-04-11,Bò Né Ba Bò,Hải sản,Bình Tân,130,74470,9681100,3.5,41,Freeship,1.9,4,4,0,11
2025-04-12,Súp Cua Bà Năm,Chay,Quận 3,326,98661,32163486,3.7,34,Không có,4.8,4,5,1,12
2025-04-12,Phở Hòa,Cơm,Quận 4,130,159554,20742020,4.4,19,Mua 1 tặng 1,3.3,4,5,1,12
2025-04-12,Phúc Long Coffee & Tea,Bún/Phở,Bình Thạnh,120,74056,8886720,4.9,24,Freeship,0.5,4,5,1,12
2025-04-14,Chè Khúc Bạch,Gà rán,Tân Bình,292,106203,31011276,3.7,54,Không có,4.7,4,0,0,14
2025-04-14,Cơm Gà Hải Nam,Bánh ngọt,Quận 10,156,77040,12018240,3.6,46,Giảm 30%,5.5,4,0,0,14
2025-04-16,Trà Chanh Bụi Phố,Chay,Tân Bình,101,137695,13907195,3.9,18,Giảm 30%,4.0,4,2,0,16
2025-04-20,Sữa Chua Trân Châu,Trà sữa,Tân Bình,297,158907,47195379,3.9,45,Mua 1 tặng 1,1.5,4,6,1,20
2025-04-21,Sữa Chua Trân Châu,Hải sản,Quận 4,316,173352,54779232,4.1,33,Giảm 30%,2.4,4,0,0,21
2025-04-23,Highlands Coffee,Lẩu,Quận 4,237,132943,31507491,4.1,50,Mua 1 tặng 1,6.1,4,2,0,23
2025-04-23,Lẩu Dê 404,Cơm,Quận 7,120,175930,21111600,3.9,44,Giảm 50%,5.9,4,2,0,23
2025-04-23,Cháo Lòng 79,Hải sản,Quận 1,5,121962,609810,4.9,27,Giảm 30%,2.7,4,2,0,23
2025-04-24,Bún Đậu Mắm Tôm,Bún/Phở,Thủ Đức,242,114217,27640514,4.5,22,Giảm 30%,0.4,4,3,0,24
2025-04-24,Ốc Sài Gòn,Cà phê,Quận 4,210,132580,27841800,4.5,20,Giảm 50%,4.7,4,3,0,24
2025-04-24,Chay An Lạc,Ăn vặt,Quận 5,174,129580,22546920,3.9,54,Giảm 50%,3.8,4,3,0,24
2025-04-25,Hải Sản Biển Đông,Cơm,Quận 1,242,177723,43008966,4.1,39,Giảm 30%,2.0,4,4,0,25
2025-04-26,Súp Cua Bà Năm,Gà rán,Quận 7,111,163189,18113979,4.0,37,Giảm 50%,7.5,4,5,1,26
2025-04-26,Bún Bò Huế Đông Ba,Lẩu,Quận 4,22,112308,2470776,3.5,31,Freeship,0.6,4,5,1,26
2025-04-27,Sữa Chua Trân Châu,Gà rán,Quận 4,231,119113,27515103,3.9,41,Giảm 50%,5.2,4,6,1,27
2025-04-27,Bánh Ngọt Kinh Đô,Bánh mì,Quận 7,235,141023,33140405,4.1,16,Mua 1 tặng 1,5.4,4,6,1,27
2025-04-28,Bánh Mì Huỳnh Hoa,Pizza,Gò Vấp,330,84841,27997530,4.4,23,Không có,0.8,4,0,0,28
2025-04-29,Hải Sản Biển Đông,Bánh ngọt,Quận 7,237,53659,12717183,4.5,31,Không có,4.7,4,1,0,29
2025-04-29,Sữa Chua Trân Châu,Bánh ngọt,Tân Bình,24,80892,1941408,4.1,26,Freeship,8.0,4,1,0,29
2025-04-30,Bún Bò Huế Đông Ba,Ăn vặt,Bình Thạnh,53,35284,1870052,3.8,19,Giảm 30%,4.7,4,2,0,30
2025-05-02,Hải Sản Biển Đông,Chay,Phú Nhuận,234,96342,22544028,4.3,34,Mua 1 tặng 1,7.2,5,4,0,2
2025-05-03,Bún Bò Huế Đông Ba,Hải sản,Quận 4,85,35701,3034585,4.1,53,Mua 1 tặng 1,2.3,5,5,1,3
2025-05-03,Bò Né Ba Bò,Pizza,Tân Bình,149,134788,20083412,4.2,37,Giảm 20K,2.1,5,5,1,3
2025-05-04,Bún Bò Huế Đông Ba,Bún/Phở,Gò Vấp,253,53143,13445179,5.0,49,Giảm 30%,1.0,5,6,1,4
2025-05-05,Gỏi Cuốn Ngon,Ăn vặt,Quận 1,276,94158,25987608,4.5,18,Freeship,3.3,5,0,0,5
2025-05-08,Chay An Lạc,Bánh ngọt,Quận 4,131,137944,18070664,4.2,51,Không có,2.1,5,3,0,8
2025-05-08,Bánh Ngọt Kinh Đô,Gà rán,Quận 1,125,152109,19013625,4.6,36,Giảm 20K,4.7,5,3,0,8
2025-05-08,Trà Chanh Bụi Phố,Bánh mì,Quận 10,30,113339,3400170,3.9,26,Freeship,7.6,5,3,0,8
2025-05-08,Nem Nướng Ninh Hòa,Trà sữa,Quận 7,60,135281,8116860,4.8,45,Giảm 30%,1.6,5,3,0,8
2025-05-09,Xôi Yến,Pizza,Quận 3,337,78391,26417767,3.6,55,Giảm 20K,5.8,5,4,0,9
2025-05-09,Bánh Canh Cua,Chay,Quận 5,231,94126,21743106,4.9,38,Giảm 50%,4.4,5,4,0,9
2025-05-10,Lotteria,Bún/Phở,Quận 5,348,49257,17141436,4.8,50,Mua 1 tặng 1,5.2,5,5,1,10
2025-05-11,Trà Sữa Gong Cha,Pizza,Quận 7,8,165386,1323088,4.6,26,Giảm 30%,3.0,5,6,1,11
2025-05-11,Mì Cay Sasin,Pizza,Quận 1,84,45470,3819480,3.7,35,Giảm 50%,0.4,5,6,1,11
2025-05-11,The Pizza Company,Bánh ngọt,Quận 1,301,54144,16297344,3.6,37,Không có,0.5,5,6,1,11
2025-05-14,Súp Cua Bà Năm,Ăn vặt,Quận 5,165,97570,16099050,3.9,23,Không có,5.2,5,2,0,14
2025-05-14,The Pizza Company,Pizza,Bình Thạnh,237,120680,28601160,4.0,39,Giảm 20K,6.0,5,2,0,14
2025-05-15,KFC,Gà rán,Quận 5,36,74617,2686212,4.6,21,Freeship,5.3,5,3,0,15
2025-05-16,Lẩu Dê 404,Lẩu,Tân Bình,31,59195,1835045,4.5,32,Freeship,0.0,5,4,0,16
2025-05-16,Bò Né Ba Bò,Pizza,Bình Tân,211,130928,27625808,3.6,18,Giảm 50%,4.5,5,4,0,16
2025-05-17,Phở Hòa,Bánh ngọt,Tân Bình,117,136822,16008174,4.0,26,Giảm 30%,1.9,5,5,1,17
2025-05-18,Bò Né Ba Bò,Bún/Phở,Bình Tân,20,122821,2456420,4.7,32,Giảm 50%,0.5,5,6,1,18
2025-05-20,Chè Khúc Bạch,Gà rán,Quận 4,251,112369,28204619,4.6,36,Freeship,3.7,5,1,0,20
2025-05-21,KFC,Bún/Phở,Quận 7,283,134534,38073122,4.8,40,Giảm 20K,7.6,5,2,0,21
2025-05-21,Bún Bò Huế Đông Ba,Cơm,Thủ Đức,348,141485,49236780,4.0,25,Freeship,1.1,5,2,0,21
2025-05-22,Chè Khúc Bạch,Lẩu,Tân Bình,11,171986,1891846,4.7,22,Mua 1 tặng 1,1.2,5,3,0,22
2025-05-22,Súp Cua Bà Năm,Ăn vặt,Quận 7,338,113326,38304188,3.8,48,Giảm 30%,7.2,5,3,0,22
2025-05-24,Ăn Vặt Sài Gòn,Bánh ngọt,Quận 1,116,151230,17542680,4.2,30,Giảm 20K,0.8,5,5,1,24
2025-05-24,Cơm Gà Hải Nam,Trà sữa,Bình Thạnh,107,172839,18493773,3.9,49,Freeship,7.9,5,5,1,24
2025-05-26,Bánh Canh Cua,Bánh ngọt,Quận 7,341,74419,25376879,4.0,52,Không có,1.1,5,0,0,26
2025-05-27,Ốc Sài Gòn,Bánh ngọt,Phú Nhuận,76,157974,12006024,4.2,15,Freeship,0.2,5,1,0,27
2025-05-29,Bánh Canh Cua,Cà phê,Quận 3,56,134647,7540232,3.9,55,Giảm 20K,1.3,5,3,0,29
2025-05-30,Lẩu Dê 404,Bánh ngọt,Tân Bình,217,161484,35042028,5.0,30,Mua 1 tặng 1,4.4,5,4,0,30
2025-05-30,Sữa Chua Trân Châu,Gà rán,Gò Vấp,323,98591,31844893,4.2,52,Mua 1 tặng 1,8.0,5,4,0,30
2025-05-30,Ốc Sài Gòn,Bún/Phở,Bình Tân,214,165889,35500246,3.7,34,Giảm 30%,2.0,5,4,0,30
2025-05-30,Bún Đậu Mắm Tôm,Bánh ngọt,Bình Tân,256,98550,25228800,4.0,32,Mua 1 tặng 1,2.9,5,4,0,30
2025-05-31,Cháo Lòng 79,Bún/Phở,Phú Nhuận,32,53668,1717376,4.2,27,Giảm 50%,1.0,5,5,1,31
2025-06-01,The Pizza Company,Trà sữa,Tân Bình,220,134390,29565800,4.5,26,Giảm 50%,4.6,6,6,1,1
2025-06-01,Chay An Lạc,Cà phê,Quận 4,122,134572,16417784,4.4,30,Mua 1 tặng 1,4.4,6,6,1,1
2025-06-01,Bò Né Ba Bò,Ăn vặt,Gò Vấp,103,81004,8343412,4.4,55,Mua 1 tặng 1,6.6,6,6,1,1
2025-06-02,Jollibee,Hải sản,Thủ Đức,106,75065,7956890,4.1,25,Giảm 50%,7.6,6,0,0,2
2025-06-03,Súp Cua Bà Năm,Bánh mì,Thủ Đức,133,154756,20582548,4.8,27,Mua 1 tặng 1,6.8,6,1,0,3
2025-06-03,Ăn Vặt Sài Gòn,Cơm,Phú Nhuận,174,63732,11089368,5.0,52,Giảm 20K,6.4,6,1,0,3
2025-06-05,Chay An Lạc,Bánh mì,Quận 1,322,134585,43336370,4.7,36,Mua 1 tặng 1,2.7,6,3,0,5
2025-06-05,Phở Hòa,Chay,Quận 7,185,167995,31079075,3.6,44,Mua 1 tặng 1,0.3,6,3,0,5
2025-06-05,Jollibee,Bánh ngọt,Bình Tân,25,91366,2284150,4.8,35,Giảm 30%,0.7,6,3,0,5
2025-06-07,Ốc Sài Gòn,Bánh ngọt,Gò Vấp,296,110657,32754472,4.2,44,Không có,2.4,6,5,1,7
2025-06-07,Bún Bò Huế Đông Ba,Cơm,Phú Nhuận,206,167499,34504794,4.2,30,Giảm 30%,4.7,6,5,1,7
2025-06-07,Bánh Ngọt Kinh Đô,Cà phê,Quận 1,311,49360,15350960,3.5,34,Giảm 30%,6.1,6,5,1,7
2025-06-09,Bún Đậu Mắm Tôm,Ăn vặt,Bình Thạnh,196,149845,29369620,4.8,43,Freeship,2.0,6,0,0,9
2025-06-10,Hải Sản Biển Đông,Cà phê,Quận 3,64,82984,5310976,4.1,24,Giảm 50%,3.1,6,1,0,10
2025-06-10,Trà Chanh Bụi Phố,Chay,Bình Thạnh,64,135976,8702464,4.8,27,Giảm 20K,0.4,6,1,0,10
2025-06-11,Bún Bò Huế Đông Ba,Gà rán,Bình Thạnh,113,117490,13276370,3.8,46,Mua 1 tặng 1,7.1,6,2,0,11
2025-06-11,Ốc Sài Gòn,Bánh ngọt,Bình Thạnh,172,118376,20360672,4.2,29,Freeship,7.5,6,2,0,11
2025-06-12,Ăn Vặt Sài Gòn,Bánh ngọt,Bình Tân,307,42394,13014958,4.6,37,Giảm 50%,4.5,6,3,0,12
2025-06-12,Mì Cay Sasin,Bún/Phở,Thủ Đức,243,170622,41461146,4.0,50,Không có,4.7,6,3,0,12
2025-06-13,Highlands Coffee,Bún/Phở,Tân Bình,82,95623,7841086,4.1,24,Không có,1.7,6,4,0,13
2025-06-13,Súp Cua Bà Năm,Pizza,Thủ Đức,38,179178,6808764,4.3,34,Giảm 30%,5.7,6,4,0,13
2025-06-13,Bánh Ngọt Kinh Đô,Pizza,Bình Tân,71,132134,9381514,4.3,21,Giảm 20K,1.9,6,4,0,13
2025-06-15,Phúc Long Coffee & Tea,Pizza,Quận 7,300,69234,20770200,4.3,46,Giảm 20K,7.2,6,6,1,15
2025-06-17,Lotteria,Bánh mì,Bình Tân,107,69644,7451908,4.7,38,Giảm 50%,4.0,6,1,0,17
2025-06-17,Lẩu Dê 404,Ăn vặt,Quận 1,235,163608,38447880,3.8,50,Mua 1 tặng 1,3.5,6,1,0,17
2025-06-18,Bánh Ngọt Kinh Đô,Hải sản,Thủ Đức,167,162912,27206304,4.8,17,Giảm 50%,0.5,6,2,0,18
2025-06-19,Bún Bò Huế Đông Ba,Bún/Phở,Quận 1,32,81659,2613088,4.7,50,Freeship,4.6,6,3,0,19
2025-06-19,Cơm Gà Hải Nam,Cà phê,Quận 5,288,176590,50857920,3.9,33,Giảm 20K,1.9,6,3,0,19
2025-06-19,Mì Cay Sasin,Lẩu,Phú Nhuận,188,115077,21634476,4.2,21,Giảm 30%,5.2,6,3,0,19
2025-06-20,Trà Chanh Bụi Phố,Bún/Phở,Quận 4,329,64891,21349139,4.3,27,Giảm 20K,2.8,6,4,0,20
2025-06-20,Bánh Ngọt Kinh Đô,Hải sản,Tân Bình,238,119352,28405776,4.8,30,Giảm 50%,3.1,6,4,0,20
2025-06-21,Bún Đậu Mắm Tôm,Lẩu,Quận 7,283,172446,48802218,4.2,23,Giảm 50%,3.7,6,5,1,21
2025-06-23,Phở Hòa,Chay,Thủ Đức,328,122726,40254128,3.6,21,Giảm 50%,5.4,6,0,0,23
2025-06-25,Xôi Yến,Bún/Phở,Thủ Đức,89,98940,8805660,4.3,50,Giảm 30%,2.6,6,2,0,25
2025-06-25,Gỏi Cuốn Ngon,Chay,Bình Thạnh,239,72545,17338255,4.0,26,Freeship,3.9,6,2,0,25
2025-06-26,Phúc Long Coffee & Tea,Bánh ngọt,Bình Thạnh,174,127225,22137150,4.6,32,Giảm 20K,2.0,6,3,0,26
2025-06-26,Bánh Ngọt Kinh Đô,Ăn vặt,Thủ Đức,273,118554,32365242,4.5,41,Giảm 30%,2.4,6,3,0,26
2025-06-26,Bánh Ngọt Kinh Đô,Gà rán,Bình Thạnh,340,162293,55179620,4.4,45,Freeship,1.4,6,3,0,26
2025-06-26,Gỏi Cuốn Ngon,Bánh mì,Quận 5,335,169362,56736270,3.7,26,Giảm 30%,4.9,6,3,0,26
2025-06-27,Gỏi Cuốn Ngon,Bánh ngọt,Thủ Đức,9,122822,1105398,3.5,39,Không có,5.8,6,4,0,27
2025-06-27,The Pizza Company,Gà rán,Quận 4,62,43445,2693590,4.7,41,Giảm 50%,6.1,6,4,0,27
2025-06-27,Cơm Gà Hải Nam,Bún/Phở,Quận 1,123,54927,6756021,4.0,54,Giảm 50%,3.2,6,4,0,27
2025-06-28,Ăn Vặt Sài Gòn,Cà phê,Quận 3,150,76352,11452800,4.2,49,Không có,2.4,6,5,1,28
2025-06-29,Sữa Chua Trân Châu,Bún/Phở,Quận 7,5,47621,238105,4.1,41,Giảm 30%,7.1,6,6,1,29
2025-06-29,Bún Đậu Mắm Tôm,Cà phê,Bình Tân,82,142927,11720014,4.4,43,Giảm 30%,0.7,6,6,1,29
2025-06-29,Súp Cua Bà Năm,Ăn vặt,Quận 7,344,137749,47385656,3.7,20,Giảm 20K,4.5,6,6,1,29
2025-07-01,Lẩu Dê 404,Ăn vặt,Quận 5,336,53717,18048912,4.4,25,Giảm 50%,5.8,7,1,0,1
2025-07-01,Bún Bò Huế Đông Ba,Bánh mì,Quận 7,196,141437,27721652,4.2,30,Không có,1.8,7,1,0,1
2025-07-01,Bánh Canh Cua,Bánh ngọt,Quận 5,162,145224,23526288,4.7,36,Giảm 20K,2.1,7,1,0,1
2025-07-01,Lẩu Dê 404,Pizza,Quận 7,310,107422,33300820,4.3,48,Giảm 30%,0.7,7,1,0,1
2025-07-02,Bún Đậu Mắm Tôm,Ăn vặt,Quận 4,125,61226,7653250,3.9,19,Giảm 30%,2.5,7,2,0,2
2025-07-02,Bánh Mì Huỳnh Hoa,Pizza,Quận 3,341,62174,21201334,4.7,36,Giảm 30%,0.4,7,2,0,2
2025-07-03,Hải Sản Biển Đông,Lẩu,Quận 5,242,104470,25281740,4.8,20,Giảm 30%,6.5,7,3,0,3
2025-07-03,Highlands Coffee,Lẩu,Quận 1,104,135648,14107392,4.9,47,Không có,4.0,7,3,0,3
2025-07-03,Nem Nướng Ninh Hòa,Hải sản,Phú Nhuận,253,125186,31672058,4.9,47,Giảm 20K,3.1,7,3,0,3
2025-07-05,The Pizza Company,Trà sữa,Quận 7,179,162473,29082667,3.8,23,Giảm 30%,0.6,7,5,1,5
2025-07-05,Bún Bò Huế Đông Ba,Gà rán,Tân Bình,202,167187,33771774,4.2,50,Giảm 20K,6.6,7,5,1,5
2025-07-07,Bún Đậu Mắm Tôm,Pizza,Bình Thạnh,147,100434,14763798,4.9,16,Không có,1.5,7,0,0,7
2025-07-08,Bánh Ngọt Kinh Đô,Hải sản,Phú Nhuận,330,67472,22265760,4.5,30,Giảm 20K,3.9,7,1,0,8
2025-07-08,Bún Đậu Mắm Tôm,Bún/Phở,Quận 7,51,167924,8564124,4.1,52,Giảm 50%,7.6,7,1,0,8
2025-07-08,Chay An Lạc,Lẩu,Phú Nhuận,302,35648,10765696,4.8,20,Không có,7.8,7,1,0,8
2025-07-09,Chay An Lạc,Bánh ngọt,Quận 7,295,57270,16894650,4.8,24,Giảm 30%,6.0,7,2,0,9
2025-07-10,Phở Hòa,Hải sản,Quận 4,305,121414,37031270,4.5,41,Giảm 20K,7.0,7,3,0,10
2025-07-11,Bánh Ngọt Kinh Đô,Ăn vặt,Bình Tân,305,61484,18752620,4.0,35,Giảm 30%,7.8,7,4,0,11
2025-07-11,Mì Cay Sasin,Hải sản,Tân Bình,254,46495,11809730,3.9,27,Giảm 20K,4.1,7,4,0,11
2025-07-13,Hải Sản Biển Đông,Hải sản,Quận 3,326,129800,42314800,4.4,19,Freeship,5.3,7,6,1,13
2025-07-14,Highlands Coffee,Ăn vặt,Bình Tân,204,118015,24075060,4.0,20,Freeship,7.5,7,0,0,14
2025-07-16,Trà Chanh Bụi Phố,Chay,Quận 5,74,53300,3944200,3.9,41,Giảm 20K,7.5,7,2,0,16
2025-07-16,Phúc Long Coffee & Tea,Cơm,Quận 1,107,132806,14210242,4.9,35,Giảm 50%,1.5,7,2,0,16
2025-07-16,Hải Sản Biển Đông,Chay,Tân Bình,90,52114,4690260,4.7,34,Giảm 20K,3.6,7,2,0,16
2025-07-17,Bánh Mì Huỳnh Hoa,Pizza,Quận 3,19,118541,2252279,4.9,36,Giảm 30%,1.1,7,3,0,17
2025-07-18,Gỏi Cuốn Ngon,Pizza,Quận 4,200,131836,26367200,3.8,17,Giảm 20K,3.5,7,4,0,18
2025-07-19,Chay An Lạc,Hải sản,Thủ Đức,201,71687,14409087,4.7,20,Giảm 50%,6.0,7,5,1,19
2025-07-19,Xôi Yến,Ăn vặt,Quận 10,212,78265,16592180,4.8,23,Giảm 50%,4.3,7,5,1,19
2025-07-21,Xôi Yến,Chay,Gò Vấp,18,57006,1026108,4.5,23,Mua 1 tặng 1,1.5,7,0,0,21
2025-07-22,Phúc Long Coffee & Tea,Gà rán,Quận 1,68,154219,10486892,4.1,31,Giảm 50%,3.0,7,1,0,22
2025-07-23,Chè Khúc Bạch,Trà sữa,Phú Nhuận,153,44821,6857613,3.5,51,Giảm 50%,0.9,7,2,0,23
2025-07-25,Phúc Long Coffee & Tea,Cà phê,Phú Nhuận,116,49796,5776336,3.7,33,Giảm 30%,6.5,7,4,0,25
2025-07-25,Trà Sữa Gong Cha,Ăn vặt,Bình Thạnh,256,151277,38726912,3.6,20,Giảm 20K,4.9,7,4,0,25
2025-07-26,Jollibee,Chay,Quận 4,210,45166,9484860,4.1,36,Không có,1.9,7,5,1,26
2025-07-26,Mì Cay Sasin,Bún/Phở,Quận 5,232,152466,35372112,3.6,46,Mua 1 tặng 1,2.5,7,5,1,26
2025-07-26,Phúc Long Coffee & Tea,Hải sản,Quận 7,257,149755,38487035,3.6,17,Mua 1 tặng 1,5.9,7,5,1,26
2025-07-27,Phở Hòa,Bánh ngọt,Bình Thạnh,303,84785,25689855,4.0,29,Không có,4.3,7,6,1,27
2025-07-27,Hải Sản Biển Đông,Cơm,Tân Bình,151,90098,13604798,4.1,52,Giảm 50%,5.2,7,6,1,27
2025-07-27,Chè Khúc Bạch,Hải sản,Thủ Đức,164,65779,10787756,4.5,33,Giảm 20K,4.9,7,6,1,27
2025-07-28,Bún Bò Huế Đông Ba,Cơm,Quận 3,186,59396,11047656,4.4,35,Mua 1 tặng 1,0.1,7,0,0,28
2025-07-28,Ốc Sài Gòn,Cà phê,Quận 3,63,155965,9825795,4.9,24,Mua 1 tặng 1,7.5,7,0,0,28
2025-07-28,Bò Né Ba Bò,Hải sản,Phú Nhuận,128,159804,20454912,4.5,46,Mua 1 tặng 1,6.3,7,0,0,28
2025-07-29,Bún Bò Huế Đông Ba,Trà sữa,Thủ Đức,245,104474,25596130,4.0,40,Không có,0.6,7,1,0,29
2025-07-30,Sữa Chua Trân Châu,Pizza,Quận 1,247,134937,33329439,4.1,24,Mua 1 tặng 1,7.7,7,2,0,30
2025-07-30,Trà Chanh Bụi Phố,Cơm,Quận 1,145,175440,25438800,5.0,16,Giảm 50%,6.5,7,2,0,30
2025-07-31,Sữa Chua Trân Châu,Bún/Phở,Bình Thạnh,291,98633,28702203,4.4,25,Không có,3.0,7,3,0,31
2025-07-31,Phở Hòa,Gà rán,Quận 7,290,80910,23463900,4.4,42,Giảm 50%,4.0,7,3,0,31
2025-08-01,Phúc Long Coffee & Tea,Pizza,Bình Thạnh,243,143992,34990056,3.6,41,Mua 1 tặng 1,7.2,8,4,0,1
2025-08-01,Ốc Sài Gòn,Ăn vặt,Quận 1,349,67301,23488049,4.7,43,Mua 1 tặng 1,5.3,8,4,0,1
2025-08-01,Bún Bò Huế Đông Ba,Lẩu,Bình Thạnh,329,59404,19543916,4.1,32,Không có,7.5,8,4,0,1
2025-08-02,Xôi Yến,Ăn vặt,Quận 4,48,172228,8266944,5.0,19,Giảm 50%,4.4,8,5,1,2
2025-08-03,Sữa Chua Trân Châu,Bánh ngọt,Tân Bình,284,92812,26358608,4.2,32,Mua 1 tặng 1,3.9,8,6,1,3
2025-08-04,Sữa Chua Trân Châu,Bún/Phở,Tân Bình,37,159845,5914265,4.2,38,Giảm 50%,4.7,8,0,0,4
2025-08-04,Cháo Lòng 79,Bún/Phở,Quận 7,14,176405,2469670,3.6,37,Giảm 30%,5.2,8,0,0,4
2025-08-05,Hải Sản Biển Đông,Cơm,Bình Tân,312,116906,36474672,4.0,51,Giảm 50%,1.7,8,1,0,5
2025-08-05,Mì Cay Sasin,Gà rán,Quận 4,132,54761,7228452,4.2,50,Freeship,0.4,8,1,0,5
2025-08-06,Phúc Long Coffee & Tea,Cà phê,Quận 3,227,53905,12236435,4.6,24,Freeship,3.7,8,2,0,6
2025-08-07,Nem Nướng Ninh Hòa,Cà phê,Phú Nhuận,212,83352,17670624,3.8,42,Mua 1 tặng 1,0.2,8,3,0,7
2025-08-07,Mì Cay Sasin,Bánh ngọt,Quận 4,184,152212,28007008,3.6,37,Giảm 50%,8.0,8,3,0,7
2025-08-08,Ăn Vặt Sài Gòn,Bánh mì,Gò Vấp,117,71262,8337654,4.3,20,Freeship,6.9,8,4,0,8
2025-08-08,Chè Khúc Bạch,Bánh ngọt,Quận 5,72,114132,8217504,3.7,32,Freeship,5.2,8,4,0,8
2025-08-09,Cơm Gà Hải Nam,Cà phê,Phú Nhuận,178,153882,27390996,4.1,21,Giảm 20K,3.4,8,5,1,9
2025-08-09,Trà Chanh Bụi Phố,Cà phê,Quận 4,215,82200,17673000,3.8,20,Giảm 50%,7.0,8,5,1,9
2025-08-11,Jollibee,Lẩu,Quận 3,316,49425,15618300,4.0,26,Freeship,0.1,8,0,0,11
2025-08-12,Chè Khúc Bạch,Hải sản,Quận 1,280,86651,24262280,4.0,19,Không có,7.4,8,1,0,12
2025-08-12,Bún Đậu Mắm Tôm,Lẩu,Thủ Đức,167,80666,13471222,4.6,50,Không có,7.1,8,1,0,12
2025-08-13,Jollibee,Hải sản,Tân Bình,86,130393,11213798,4.1,33,Mua 1 tặng 1,3.3,8,2,0,13
2025-08-16,Hải Sản Biển Đông,Bánh ngọt,Quận 4,19,47056,894064,4.0,18,Giảm 20K,2.9,8,5,1,16
2025-08-16,Trà Sữa Gong Cha,Gà rán,Quận 10,72,57884,4167648,3.8,43,Giảm 50%,4.4,8,5,1,16
2025-08-17,KFC,Lẩu,Quận 4,287,126687,36359169,4.0,31,Không có,6.6,8,6,1,17
2025-08-19,Xôi Yến,Chay,Quận 10,161,74949,12066789,4.3,38,Giảm 20K,7.7,8,1,0,19
2025-08-19,Súp Cua Bà Năm,Pizza,Quận 3,48,167264,8028672,4.5,17,Giảm 30%,5.7,8,1,0,19
2025-08-20,Jollibee,Cà phê,Tân Bình,27,171695,4635765,4.0,16,Freeship,8.0,8,2,0,20
2025-08-20,Phúc Long Coffee & Tea,Bánh ngọt,Tân Bình,132,59831,7897692,4.2,23,Freeship,0.1,8,2,0,20
2025-08-21,The Pizza Company,Ăn vặt,Quận 3,333,40598,13519134,3.6,36,Giảm 30%,7.9,8,3,0,21
2025-08-21,Cơm Gà Hải Nam,Hải sản,Quận 4,238,50135,11932130,4.3,34,Không có,0.2,8,3,0,21
2025-08-21,Cơm Gà Hải Nam,Chay,Tân Bình,55,64992,3574560,4.8,50,Không có,6.9,8,3,0,21
2025-08-22,Jollibee,Cơm,Quận 10,331,161669,53512439,4.5,16,Freeship,4.3,8,4,0,22
2025-08-23,Cơm Tấm Cô Ba,Bún/Phở,Quận 10,239,61209,14628951,3.6,28,Giảm 50%,2.1,8,5,1,23
2025-08-23,Ốc Sài Gòn,Trà sữa,Gò Vấp,349,112973,39427577,4.9,52,Freeship,5.4,8,5,1,23
2025-08-23,The Pizza Company,Gà rán,Quận 1,27,87289,2356803,4.8,35,Giảm 20K,4.1,8,5,1,23
2025-08-24,Ốc Sài Gòn,Gà rán,Quận 10,121,93438,11305998,3.5,27,Mua 1 tặng 1,2.6,8,6,1,24
2025-08-25,Chè Khúc Bạch,Trà sữa,Quận 1,298,148549,44267602,4.7,40,Mua 1 tặng 1,0.2,8,0,0,25
2025-08-26,Phúc Long Coffee & Tea,Hải sản,Thủ Đức,309,118177,36516693,4.9,43,Giảm 50%,6.5,8,1,0,26
2025-08-27,Xôi Yến,Lẩu,Phú Nhuận,114,169001,19266114,4.2,25,Không có,0.7,8,2,0,27
2025-08-30,Bò Né Ba Bò,Pizza,Tân Bình,304,96017,29189168,5.0,21,Giảm 30%,5.3,8,5,1,30
2025-08-30,Bò Né Ba Bò,Ăn vặt,Quận 3,75,36358,2726850,4.9,25,Mua 1 tặng 1,5.2,8,5,1,30
2025-08-30,Lẩu Dê 404,Bánh ngọt,Quận 4,291,82990,24150090,4.9,36,Không có,0.7,8,5,1,30
2025-08-31,Highlands Coffee,Lẩu,Tân Bình,315,170136,53592840,3.7,54,Giảm 20K,1.3,8,6,1,31
2025-09-01,Lẩu Dê 404,Trà sữa,Tân Bình,275,145923,40128825,4.9,49,Không có,5.5,9,0,0,1
2025-09-01,Sữa Chua Trân Châu,Lẩu,Quận 3,236,118600,27989600,3.6,17,Không có,0.9,9,0,0,1
2025-09-01,Cơm Tấm Cô Ba,Pizza,Quận 7,177,114444,20256588,4.0,46,Không có,5.5,9,0,0,1
2025-09-01,Trà Chanh Bụi Phố,Pizza,Thủ Đức,158,79560,12570480,4.8,50,Giảm 30%,2.4,9,0,0,1
2025-09-01,The Pizza Company,Ăn vặt,Phú Nhuận,152,119192,18117184,3.9,18,Freeship,5.2,9,0,0,1
2025-09-02,Chay An Lạc,Bánh mì,Tân Bình,93,155498,14461314,4.9,36,Giảm 50%,2.8,9,1,0,2
2025-09-04,Cơm Tấm Cô Ba,Cà phê,Quận 10,11,58331,641641,4.9,51,Không có,4.0,9,3,0,4
2025-09-05,KFC,Bánh ngọt,Quận 7,273,109186,29807778,5.0,27,Giảm 20K,1.8,9,4,0,5
2025-09-05,Lẩu Dê 404,Pizza,Quận 3,131,164971,21611201,4.4,27,Mua 1 tặng 1,0.9,9,4,0,5
2025-09-09,Highlands Coffee,Bún/Phở,Quận 5,42,153500,6447000,3.8,43,Freeship,6.5,9,1,0,9
2025-09-09,Ăn Vặt Sài Gòn,Lẩu,Quận 3,214,122374,26188036,4.0,21,Giảm 30%,2.6,9,1,0,9
2025-09-10,Phúc Long Coffee & Tea,Pizza,Quận 1,298,131707,39248686,4.2,50,Giảm 30%,4.9,9,2,0,10
2025-09-10,Phúc Long Coffee & Tea,Pizza,Bình Thạnh,197,61588,12132836,4.7,51,Không có,6.1,9,2,0,10
2025-09-11,Trà Sữa Gong Cha,Hải sản,Tân Bình,298,64938,19351524,3.9,49,Giảm 20K,4.3,9,3,0,11
2025-09-12,Cơm Tấm Cô Ba,Ăn vặt,Bình Tân,57,140759,8023263,4.1,50,Giảm 50%,0.0,9,4,0,12
2025-09-12,Ăn Vặt Sài Gòn,Lẩu,Bình Tân,270,104919,28328130,4.7,42,Freeship,3.4,9,4,0,12
2025-09-14,Bánh Canh Cua,Lẩu,Gò Vấp,36,71197,2563092,4.3,50,Giảm 20K,8.0,9,6,1,14
2025-09-16,Cơm Tấm Cô Ba,Lẩu,Quận 4,276,47732,13174032,4.3,42,Giảm 50%,3.9,9,1,0,16
2025-09-16,Jollibee,Bánh mì,Bình Thạnh,132,106721,14087172,4.1,36,Giảm 20K,3.6,9,1,0,16
2025-09-16,Mì Cay Sasin,Hải sản,Bình Thạnh,86,159433,13711238,4.2,30,Không có,2.2,9,1,0,16
2025-09-17,Hải Sản Biển Đông,Cơm,Quận 7,157,163356,25646892,4.8,43,Giảm 50%,3.9,9,2,0,17
2025-09-17,Bánh Ngọt Kinh Đô,Cơm,Tân Bình,245,46412,11370940,4.5,38,Giảm 20K,6.0,9,2,0,17
2025-09-18,KFC,Bánh ngọt,Quận 4,93,68654,6384822,3.7,53,Giảm 50%,7.1,9,3,0,18
2025-09-18,Bún Bò Huế Đông Ba,Trà sữa,Quận 3,309,52815,16319835,4.5,30,Mua 1 tặng 1,1.0,9,3,0,18
2025-09-20,Cơm Gà Hải Nam,Pizza,Quận 3,61,109251,6664311,4.5,52,Mua 1 tặng 1,4.2,9,5,1,20
2025-09-20,Trà Sữa Gong Cha,Lẩu,Phú Nhuận,245,118947,29142015,4.9,38,Giảm 20K,3.3,9,5,1,20
2025-09-21,Jollibee,Ăn vặt,Thủ Đức,176,59480,10468480,4.7,30,Không có,2.5,9,6,1,21
2025-09-21,Phở Hòa,Bánh mì,Quận 3,224,108167,24229408,4.3,23,Giảm 30%,4.7,9,6,1,21
2025-09-21,Highlands Coffee,Bún/Phở,Thủ Đức,215,50541,10866315,5.0,23,Không có,6.9,9,6,1,21
2025-09-21,Bánh Ngọt Kinh Đô,Bún/Phở,Quận 10,347,60004,20821388,3.8,23,Mua 1 tặng 1,2.6,9,6,1,21
2025-09-23,Cơm Tấm Cô Ba,Lẩu,Thủ Đức,9,125065,1125585,4.7,42,Không có,1.1,9,1,0,23
2025-09-23,Trà Sữa Gong Cha,Hải sản,Bình Thạnh,139,103233,14349387,4.6,28,Giảm 50%,2.3,9,1,0,23
2025-09-24,KFC,Bánh mì,Gò Vấp,57,36926,2104782,4.3,38,Giảm 50%,5.2,9,2,0,24
2025-09-24,Chay An Lạc,Hải sản,Gò Vấp,227,70072,15906344,4.0,46,Giảm 20K,6.0,9,2,0,24
2025-09-24,Bánh Mì Huỳnh Hoa,Ăn vặt,Phú Nhuận,145,150309,21794805,3.6,33,Giảm 30%,2.2,9,2,0,24
2025-09-24,Xôi Yến,Bún/Phở,Phú Nhuận,110,163143,17945730,3.6,47,Mua 1 tặng 1,6.5,9,2,0,24
2025-09-29,Chay An Lạc,Chay,Quận 1,255,40105,10226775,3.7,38,Giảm 20K,1.9,9,0,0,29
2025-10-01,Cơm Gà Hải Nam,Bánh ngọt,Tân Bình,283,44637,12632271,4.7,38,Không có,7.2,10,2,0,1
2025-10-01,Sữa Chua Trân Châu,Ăn vặt,Quận 1,321,51577,16556217,4.6,52,Freeship,5.6,10,2,0,1
2025-10-02,Chè Khúc Bạch,Ăn vặt,Gò Vấp,48,63670,3056160,4.7,37,Giảm 30%,5.2,10,3,0,2
2025-10-04,Chè Khúc Bạch,Bún/Phở,Quận 1,126,78597,9903222,4.1,45,Giảm 30%,6.9,10,5,1,4
2025-10-05,Bánh Mì Huỳnh Hoa,Chay,Bình Thạnh,288,50986,14683968,4.8,48,Mua 1 tặng 1,7.7,10,6,1,5
2025-10-06,Phở Hòa,Gà rán,Phú Nhuận,336,85096,28592256,3.9,18,Không có,2.7,10,0,0,6
2025-10-06,Bún Đậu Mắm Tôm,Lẩu,Tân Bình,81,130897,10602657,4.1,52,Không có,6.9,10,0,0,6
2025-10-07,Chè Khúc Bạch,Trà sữa,Phú Nhuận,282,50396,14211672,4.3,19,Không có,0.4,10,1,0,7
2025-10-07,Lotteria,Ăn vặt,Quận 10,242,160444,38827448,4.4,23,Freeship,5.7,10,1,0,7
2025-10-07,Cơm Gà Hải Nam,Chay,Quận 3,21,42811,899031,3.6,29,Giảm 50%,4.8,10,1,0,7
2025-10-11,Sữa Chua Trân Châu,Ăn vặt,Quận 1,63,175763,11073069,4.6,36,Freeship,2.3,10,5,1,11
2025-10-11,The Pizza Company,Cà phê,Thủ Đức,112,111173,12451376,4.5,23,Không có,5.2,10,5,1,11
2025-10-12,Cháo Lòng 79,Bánh ngọt,Thủ Đức,84,84780,7121520,3.9,18,Giảm 50%,5.9,10,6,1,12
2025-10-13,Cơm Tấm Cô Ba,Cơm,Gò Vấp,334,76137,25429758,4.3,45,Mua 1 tặng 1,7.0,10,0,0,13
2025-10-15,Phúc Long Coffee & Tea,Bánh mì,Bình Thạnh,276,70151,19361676,4.1,31,Giảm 30%,2.6,10,2,0,15
2025-10-15,Trà Sữa Gong Cha,Cơm,Thủ Đức,347,125703,43618941,4.2,54,Giảm 50%,2.0,10,2,0,15
2025-10-15,Bún Đậu Mắm Tôm,Bánh ngọt,Quận 5,284,144974,41172616,3.8,52,Giảm 20K,6.5,10,2,0,15
2025-10-16,Phúc Long Coffee & Tea,Chay,Quận 5,97,179205,17382885,3.5,44,Không có,1.7,10,3,0,16
2025-10-16,Phúc Long Coffee & Tea,Lẩu,Quận 5,163,81021,13206423,4.2,20,Freeship,1.9,10,3,0,16
2025-10-16,Highlands Coffee,Bánh ngọt,Quận 5,13,103360,1343680,4.3,52,Giảm 50%,5.8,10,3,0,16
2025-10-16,Ốc Sài Gòn,Cơm,Quận 3,285,167510,47740350,3.8,49,Giảm 30%,1.3,10,3,0,16
2025-10-17,Chè Khúc Bạch,Hải sản,Quận 3,26,95231,2476006,3.8,51,Mua 1 tặng 1,2.2,10,4,0,17
2025-10-17,Ốc Sài Gòn,Bún/Phở,Quận 5,288,89305,25719840,4.4,29,Giảm 20K,6.2,10,4,0,17
2025-10-17,Highlands Coffee,Lẩu,Quận 3,174,55396,9638904,3.9,35,Giảm 30%,5.1,10,4,0,17
2025-10-17,Jollibee,Ăn vặt,Thủ Đức,170,117873,20038410,3.7,19,Mua 1 tặng 1,3.5,10,4,0,17
2025-10-18,Bò Né Ba Bò,Chay,Gò Vấp,56,62691,3510696,4.3,21,Giảm 20K,6.9,10,5,1,18
2025-10-18,Highlands Coffee,Chay,Quận 1,235,132246,31077810,4.1,19,Giảm 50%,1.1,10,5,1,18
2025-10-19,Bánh Ngọt Kinh Đô,Ăn vặt,Gò Vấp,177,42523,7526571,4.2,35,Giảm 30%,3.9,10,6,1,19
2025-10-19,Jollibee,Chay,Quận 5,25,56491,1412275,4.1,52,Giảm 50%,4.2,10,6,1,19
2025-10-20,Xôi Yến,Chay,Tân Bình,322,73652,23715944,3.7,43,Giảm 30%,7.6,10,0,0,20
2025-10-20,Trà Chanh Bụi Phố,Bún/Phở,Quận 10,349,48807,17033643,3.8,48,Freeship,7.6,10,0,0,20
2025-10-20,Cơm Gà Hải Nam,Bánh ngọt,Thủ Đức,350,174959,61235650,3.9,42,Freeship,4.2,10,0,0,20
2025-10-21,Bánh Canh Cua,Bánh mì,Quận 5,292,41882,12229544,4.4,32,Freeship,1.4,10,1,0,21
2025-10-21,Bún Đậu Mắm Tôm,Gà rán,Quận 1,189,96945,18322605,3.6,22,Mua 1 tặng 1,2.5,10,1,0,21
2025-10-22,Jollibee,Chay,Quận 10,349,119060,41551940,3.9,24,Không có,4.2,10,2,0,22
2025-10-27,Bánh Canh Cua,Cơm,Bình Tân,299,134714,40279486,4.2,37,Giảm 20K,6.0,10,0,0,27
2025-10-28,Ốc Sài Gòn,Bánh ngọt,Quận 4,208,55168,11474944,3.9,51,Giảm 30%,4.5,10,1,0,28
2025-10-29,Bánh Canh Cua,Pizza,Bình Tân,317,147241,46675397,3.7,23,Giảm 30%,6.5,10,2,0,29
2025-10-29,Highlands Coffee,Hải sản,Bình Tân,181,41438,7500278,4.2,33,Mua 1 tặng 1,7.4,10,2,0,29
2025-10-30,Xôi Yến,Chay,Phú Nhuận,229,82516,18896164,4.4,37,Giảm 50%,0.2,10,3,0,30
2025-10-31,Bánh Canh Cua,Pizza,Quận 7,130,57718,7503340,3.9,43,Giảm 30%,6.0,10,4,0,31
2025-11-01,Trà Sữa Gong Cha,Ăn vặt,Quận 1,339,40175,13619325,3.6,22,Mua 1 tặng 1,3.6,11,5,1,1
2025-11-02,Bánh Canh Cua,Gà rán,Quận 1,79,69076,5457004,4.3,26,Freeship,5.3,11,6,1,2
2025-11-02,Bánh Ngọt Kinh Đô,Chay,Quận 4,221,83694,18496374,4.2,49,Không có,7.4,11,6,1,2
2025-11-04,Chay An Lạc,Ăn vặt,Bình Thạnh,76,41672,3167072,4.5,33,Giảm 20K,7.3,11,1,0,4
2025-11-05,The Pizza Company,Bánh ngọt,Quận 5,155,152654,23661370,3.8,19,Giảm 30%,7.7,11,2,0,5
2025-11-06,Bún Bò Huế Đông Ba,Cơm,Quận 7,122,40438,4933436,5.0,32,Giảm 50%,0.3,11,3,0,6
2025-11-08,Phở Hòa,Lẩu,Thủ Đức,69,52624,3631056,3.9,38,Giảm 20K,3.1,11,5,1,8
2025-11-08,Xôi Yến,Gà rán,Quận 7,60,161284,9677040,3.6,32,Không có,2.6,11,5,1,8
2025-11-11,Cơm Tấm Cô Ba,Bánh ngọt,Phú Nhuận,225,78253,17606925,4.4,42,Giảm 30%,0.4,11,1,0,11
2025-11-11,Xôi Yến,Cà phê,Quận 10,306,80967,24775902,4.1,33,Giảm 30%,1.4,11,1,0,11
2025-11-11,KFC,Lẩu,Quận 5,224,136930,30672320,3.5,28,Giảm 30%,2.2,11,1,0,11
2025-11-12,KFC,Gà rán,Bình Tân,177,167989,29734053,4.7,49,Mua 1 tặng 1,5.7,11,2,0,12
2025-11-13,Bánh Ngọt Kinh Đô,Hải sản,Quận 5,235,151056,35498160,3.9,52,Mua 1 tặng 1,2.4,11,3,0,13
2025-11-14,Cháo Lòng 79,Cà phê,Thủ Đức,303,72517,21972651,3.8,55,Giảm 20K,3.7,11,4,0,14
2025-11-14,Sữa Chua Trân Châu,Chay,Quận 1,55,89470,4920850,4.4,31,Không có,0.6,11,4,0,14
2025-11-14,Bún Đậu Mắm Tôm,Cà phê,Gò Vấp,156,165781,25861836,4.1,50,Mua 1 tặng 1,0.5,11,4,0,14
2025-11-15,Mì Cay Sasin,Ăn vặt,Phú Nhuận,31,88361,2739191,3.9,23,Giảm 20K,3.5,11,5,1,15
2025-11-16,Trà Sữa Gong Cha,Chay,Thủ Đức,70,60344,4224080,4.1,36,Giảm 50%,7.5,11,6,1,16
2025-11-16,Bánh Canh Cua,Ăn vặt,Quận 10,68,113727,7733436,4.3,41,Giảm 20K,3.2,11,6,1,16
2025-11-17,Hải Sản Biển Đông,Ăn vặt,Gò Vấp,256,179221,45880576,4.0,35,Giảm 50%,1.8,11,0,0,17
2025-11-17,Phúc Long Coffee & Tea,Chay,Quận 7,52,166746,8670792,4.5,52,Giảm 50%,1.2,11,0,0,17
2025-11-18,Lẩu Dê 404,Chay,Quận 4,168,52566,8831088,3.6,50,Mua 1 tặng 1,4.4,11,1,0,18
2025-11-18,Hải Sản Biển Đông,Cơm,Thủ Đức,230,43746,10061580,4.4,23,Freeship,7.3,11,1,0,18
2025-11-19,Súp Cua Bà Năm,Cà phê,Gò Vấp,201,164598,33084198,4.1,24,Không có,5.5,11,2,0,19
2025-11-20,Bánh Mì Huỳnh Hoa,Chay,Tân Bình,78,111355,8685690,4.1,54,Giảm 20K,1.9,11,3,0,20
2025-11-20,Bánh Mì Huỳnh Hoa,Gà rán,Thủ Đức,51,148763,7586913,5.0,55,Không có,7.0,11,3,0,20
2025-11-20,Bún Đậu Mắm Tôm,Pizza,Quận 4,34,36235,1231990,4.2,28,Giảm 30%,4.6,11,3,0,20
2025-11-21,Xôi Yến,Gà rán,Quận 4,336,132813,44625168,4.9,15,Giảm 50%,7.0,11,4,0,21
2025-11-22,Ăn Vặt Sài Gòn,Bánh ngọt,Thủ Đức,37,175096,6478552,4.1,42,Giảm 30%,4.0,11,5,1,22
2025-11-23,Xôi Yến,Bún/Phở,Quận 10,124,158594,19665656,3.5,50,Giảm 20K,7.3,11,6,1,23
2025-11-24,Sữa Chua Trân Châu,Cơm,Quận 3,145,99196,14383420,3.8,21,Không có,5.9,11,0,0,24
2025-11-26,Xôi Yến,Trà sữa,Quận 10,274,59498,16302452,4.5,42,Giảm 50%,2.9,11,2,0,26
2025-11-26,Lẩu Dê 404,Trà sữa,Phú Nhuận,76,99651,7573476,4.6,49,Giảm 20K,6.0,11,2,0,26
2025-11-26,Gỏi Cuốn Ngon,Bánh mì,Quận 7,197,126412,24903164,4.2,28,Mua 1 tặng 1,2.4,11,2,0,26
2025-11-27,Bánh Ngọt Kinh Đô,Cơm,Quận 3,178,63644,11328632,3.9,27,Giảm 50%,3.6,11,3,0,27
2025-11-27,Gỏi Cuốn Ngon,Pizza,Bình Thạnh,200,152581,30516200,4.8,39,Mua 1 tặng 1,0.6,11,3,0,27
2025-11-27,Trà Sữa Gong Cha,Cà phê,Quận 4,79,102100,8065900,3.8,53,Giảm 30%,6.1,11,3,0,27
2025-11-27,Phúc Long Coffee & Tea,Cà phê,Quận 3,312,109690,34223280,4.7,16,Không có,7.0,11,3,0,27
2025-11-28,Nem Nướng Ninh Hòa,Chay,Quận 4,9,93659,842931,3.9,34,Không có,7.7,11,4,0,28
2025-11-29,Bún Bò Huế Đông Ba,Ăn vặt,Thủ Đức,163,149684,24398492,4.6,30,Freeship,2.0,11,5,1,29
2025-11-30,Bánh Mì Huỳnh Hoa,Cơm,Quận 1,107,40342,4316594,4.4,30,Giảm 30%,3.8,11,6,1,30
2025-11-30,Hải Sản Biển Đông,Trà sữa,Gò Vấp,169,87652,14813188,4.2,26,Mua 1 tặng 1,7.7,11,6,1,30
2025-12-01,Xôi Yến,Cơm,Tân Bình,288,113480,32682240,4.9,21,Giảm 30%,2.1,12,0,0,1
2025-12-02,Bò Né Ba Bò,Trà sữa,Quận 3,326,164529,53636454,4.2,51,Giảm 50%,3.6,12,1,0,2
2025-12-02,Súp Cua Bà Năm,Cơm,Quận 10,273,93716,25584468,5.0,36,Giảm 50%,4.2,12,1,0,2
2025-12-02,Chay An Lạc,Cà phê,Bình Thạnh,132,144119,19023708,4.9,35,Giảm 20K,6.6,12,1,0,2
2025-12-03,Bánh Canh Cua,Cà phê,Phú Nhuận,60,126780,7606800,4.8,38,Freeship,6.1,12,2,0,3
2025-12-04,Gỏi Cuốn Ngon,Bánh ngọt,Gò Vấp,314,123504,38780256,4.8,51,Freeship,6.6,12,3,0,4
2025-12-04,Cơm Tấm Cô Ba,Gà rán,Bình Thạnh,294,47856,14069664,4.9,46,Giảm 20K,6.2,12,3,0,4
2025-12-05,Cháo Lòng 79,Chay,Thủ Đức,107,60424,6465368,3.5,25,Không có,2.3,12,4,0,5
2025-12-05,Lotteria,Lẩu,Quận 1,278,92636,25752808,3.7,40,Giảm 50%,2.4,12,4,0,5
2025-12-05,Bún Đậu Mắm Tôm,Trà sữa,Tân Bình,183,66098,12095934,3.8,49,Mua 1 tặng 1,4.2,12,4,0,5
2025-12-05,Trà Chanh Bụi Phố,Ăn vặt,Quận 3,143,70956,10146708,4.1,21,Giảm 50%,5.8,12,4,0,5
2025-12-07,Xôi Yến,Cà phê,Quận 5,310,56461,17502910,4.3,48,Không có,2.9,12,6,1,7
2025-12-07,Highlands Coffee,Pizza,Quận 7,247,52598,12991706,3.6,20,Freeship,3.5,12,6,1,7
2025-12-08,Gỏi Cuốn Ngon,Lẩu,Quận 1,152,178287,27099624,3.7,43,Giảm 20K,7.9,12,0,0,8
2025-12-10,Bún Đậu Mắm Tôm,Hải sản,Phú Nhuận,165,136879,22585035,4.4,52,Freeship,2.8,12,2,0,10
2025-12-10,Phúc Long Coffee & Tea,Bánh ngọt,Bình Tân,219,75507,16536033,4.8,21,Mua 1 tặng 1,4.9,12,2,0,10
2025-12-12,Trà Sữa Gong Cha,Trà sữa,Bình Thạnh,54,172464,9313056,3.7,27,Giảm 50%,4.2,12,4,0,12
2025-12-13,Bún Đậu Mắm Tôm,Gà rán,Quận 5,214,169553,36284342,3.5,15,Mua 1 tặng 1,7.3,12,5,1,13
2025-12-13,Sữa Chua Trân Châu,Ăn vặt,Quận 1,132,94314,12449448,4.5,37,Giảm 20K,1.0,12,5,1,13
2025-12-15,Hải Sản Biển Đông,Hải sản,Bình Thạnh,216,49172,10621152,4.8,24,Giảm 30%,7.9,12,0,0,15
2025-12-15,Bánh Ngọt Kinh Đô,Ăn vặt,Gò Vấp,48,112431,5396688,4.7,19,Freeship,2.1,12,0,0,15
2025-12-15,Lẩu Dê 404,Bánh ngọt,Thủ Đức,317,161924,51329908,3.8,30,Giảm 20K,4.5,12,0,0,15
2025-12-16,Ăn Vặt Sài Gòn,Trà sữa,Bình Thạnh,114,84060,9582840,3.9,43,Giảm 30%,0.3,12,1,0,16
2025-12-17,Bánh Canh Cua,Ăn vặt,Quận 3,337,43305,14593785,3.6,39,Mua 1 tặng 1,4.4,12,2,0,17
2025-12-17,Cháo Lòng 79,Trà sữa,Bình Tân,254,64605,16409670,4.8,43,Freeship,0.5,12,2,0,17
2025-12-17,Bò Né Ba Bò,Gà rán,Quận 10,255,163606,41719530,4.2,37,Giảm 30%,1.1,12,2,0,17
2025-12-17,Súp Cua Bà Năm,Bánh mì,Phú Nhuận,232,163109,37841288,3.8,51,Freeship,6.4,12,2,0,17
2025-12-18,Gỏi Cuốn Ngon,Hải sản,Quận 10,335,129024,43223040,3.6,32,Giảm 30%,7.7,12,3,0,18
2025-12-18,Gỏi Cuốn Ngon,Chay,Phú Nhuận,125,159849,19981125,3.9,40,Không có,0.3,12,3,0,18
2025-12-19,Mì Cay Sasin,Trà sữa,Quận 1,217,161943,35141631,4.2,36,Giảm 50%,1.1,12,4,0,19
2025-12-19,Jollibee,Cơm,Thủ Đức,247,104607,25837929,5.0,52,Giảm 50%,1.8,12,4,0,19
2025-12-20,Bún Đậu Mắm Tôm,Bánh mì,Phú Nhuận,90,64637,5817330,3.7,18,Giảm 30%,0.8,12,5,1,20
2025-12-20,Phở Hòa,Hải sản,Quận 4,194,179841,34889154,3.7,23,Freeship,2.5,12,5,1,20
2025-12-22,Xôi Yến,Gà rán,Phú Nhuận,210,179204,37632840,3.6,20,Giảm 20K,2.0,12,0,0,22
2025-12-23,Xôi Yến,Bánh ngọt,Quận 7,29,135029,3915841,4.1,35,Giảm 50%,0.4,12,1,0,23
2025-12-24,Cơm Tấm Cô Ba,Bún/Phở,Phú Nhuận,327,97730,31957710,4.6,34,Giảm 50%,0.1,12,2,0,24
2025-12-25,Cơm Gà Hải Nam,Bún/Phở,Gò Vấp,343,100162,34355566,4.2,39,Giảm 30%,6.7,12,3,0,25
2025-12-25,Cơm Tấm Cô Ba,Cà phê,Quận 3,230,117232,26963360,4.1,41,Không có,1.6,12,3,0,25
2025-12-25,Nem Nướng Ninh Hòa,Trà sữa,Thủ Đức,190,168367,31989730,3.8,27,Giảm 30%,1.9,12,3,0,25
2025-12-26,Gỏi Cuốn Ngon,Cơm,Quận 3,89,164085,14603565,3.7,41,Freeship,2.0,12,4,0,26
2025-12-26,Ăn Vặt Sài Gòn,Pizza,Quận 7,8,82554,660432,4.8,51,Không có,3.2,12,4,0,26
2025-12-27,Phúc Long Coffee & Tea,Hải sản,Quận 5,347,127842,44361174,3.6,17,Mua 1 tặng 1,0.1,12,5,1,27
2025-12-27,Trà Sữa Gong Cha,Chay,Quận 3,279,84010,23438790,4.0,27,Mua 1 tặng 1,0.9,12,5,1,27
2025-12-30,Trà Chanh Bụi Phố,Pizza,Quận 5,150,55672,8350800,3.9,55,Giảm 50%,2.2,12,1,0,30
2025-12-31,Bún Bò Huế Đông Ba,Ăn vặt,Gò Vấp,259,154327,39970693,4.3,18,Mua 1 tặng 1,6.9,12,2,0,31
2025-12-31,Hải Sản Biển Đông,Bún/Phở,Tân Bình,47,77024,3620128,3.9,47,Giảm 30%,6.6,12,2,0,31
2025-12-31,Cơm Gà Hải Nam,Bánh mì,Tân Bình,210,56607,11887470,4.5,49,Giảm 50%,1.2,12,2,0,31
